{
  "T": 20000,
  "drift": "2-well",
  "n_switches": 38,
  "wall_mc": 110.24551200866699,
  "wall_gmix": 122.43629002571106,
  "ls_mc": [
    0.3,
    0.3,
    0.3,
    0.3835206925868988,
    0.47934290766716003,
    0.5011177062988281,
    0.5229326486587524,
    0.538601279258728,
    0.5685391426086426,
    0.5616437792778015,
    0.5537512898445129,
    0.6930708885192871,
    0.8719702959060669,
    1.1130856275558472,
    1.2761359214782715,
    1.2187702655792236,
    1.2777259349822998,
    1.2913861274719238,
    1.2851643562316895,
    1.296720266342163
  ],
  "var_mc": [
    1.0,
    1.0,
    1.0,
    1.282466173171997,
    1.6461602449417114,
    2.1090617179870605,
    2.701078414916992,
    3.4549059867858887,
    4.413667678833008,
    5.39143180847168,
    4.693483352661133,
    3.7434942722320557,
    2.955282688140869,
    2.3297488689422607,
    2.2888078689575195,
    2.6556200981140137,
    3.2707157135009766,
    3.7476348876953125,
    3.8524818420410156,
    3.77693510055542
  ],
  "ls_gmix": [
    0.3,
    0.3,
    0.3,
    0.38563138246536255,
    0.4952009320259094,
    0.6338884234428406,
    0.8053842782974243,
    1.0106223821640015,
    1.0277403593063354,
    1.042384386062622,
    1.108337640762329,
    1.1702088117599487,
    1.2045586109161377,
    1.2437714338302612,
    1.2089753150939941,
    1.2305666208267212,
    1.2320038080215454,
    1.2335959672927856,
    1.2345794439315796,
    1.2350502014160156
  ],
  "var_gmix": [
    1.0,
    1.0,
    1.0,
    0.779592752456665,
    0.6086127758026123,
    0.4768427908420563,
    0.3893812298774719,
    0.5002761483192444,
    0.6332359313964844,
    0.8022233247756958,
    1.0248476266860962,
    1.2937266826629639,
    1.557201623916626,
    1.7884693145751953,
    1.8635218143463135,
    1.8580166101455688,
    1.8771778345108032,
    1.8890323638916016,
    1.8971896171569824,
    1.9024105072021484
  ],
  "drift_rmse_traj_mc": 0.07999331504106522,
  "drift_rmse_traj_gmix": 0.12550292909145355,
  "drift_rmse_grid_mc": 0.6921060085296631,
  "drift_rmse_grid_gmix": 0.8547347784042358,
  "drift_rmse_zero": 1.5053133964538574
}