{
  "mc_S2": {
    "wall": 109.05932688713074,
    "ls": [
      0.3,
      0.3,
      0.3,
      0.37739890813827515,
      0.39993584156036377,
      0.422924667596817,
      0.44954589009284973,
      0.4877898693084717,
      0.4857180118560791,
      0.5319213271141052,
      0.5770354866981506,
      0.6962690949440002,
      0.7561213970184326,
      0.7935231924057007,
      0.7747049331665039,
      0.826572597026825,
      0.7879513502120972,
      0.8164238333702087,
      0.7368803024291992,
      0.8956199884414673
    ],
    "var": [
      1.0,
      1.0,
      1.0,
      1.2828830480575562,
      1.6450998783111572,
      2.109548568725586,
      2.7056243419647217,
      3.4720559120178223,
      4.444722652435303,
      5.697944641113281,
      7.314632892608643,
      9.401534080505371,
      12.075521469116211,
      15.359373092651367,
      19.411008834838867,
      24.859983444213867,
      29.96307373046875,
      34.072975158691406,
      38.05003356933594,
      37.810386657714844
    ],
    "drift_rmse_traj": 5.806962966918945,
    "drift_rmse_grid": 6.011253356933594,
    "drift_rmse_zero": 0.7723067402839661
  },
  "mc_S8": {
    "wall": 100.33871293067932,
    "ls": [
      0.3,
      0.3,
      0.3,
      0.37712860107421875,
      0.3900439739227295,
      0.4205336570739746,
      0.45332029461860657,
      0.4847641587257385,
      0.5107335448265076,
      0.551468014717102,
      0.6211292147636414,
      0.6761407852172852,
      0.7334230542182922,
      0.7748978137969971,
      0.8082221150398254,
      0.8175959587097168,
      0.816432535648346,
      0.7911974191665649,
      0.8157957196235657,
      0.7928344011306763
    ],
    "var": [
      1.0,
      1.0,
      1.0,
      1.2828595638275146,
      1.6447571516036987,
      2.1093506813049316,
      2.7048068046569824,
      3.4675822257995605,
      4.442923545837402,
      5.696469306945801,
      7.317774772644043,
      9.380874633789062,
      12.043098449707031,
      15.442493438720703,
      19.412673950195312,
      22.974618911743164,
      23.94124412536621,
      25.081493377685547,
      29.35456085205078,
      31.0330753326416
    ],
    "drift_rmse_traj": 4.672206878662109,
    "drift_rmse_grid": 4.688238143920898,
    "drift_rmse_zero": 0.7723067402839661
  },
  "mc_S16": {
    "wall": 117.91896796226501,
    "ls": [
      0.3,
      0.3,
      0.3,
      0.37549954652786255,
      0.3947148323059082,
      0.40135738253593445,
      0.4345850348472595,
      0.45194336771965027,
      0.5212166905403137,
      0.5490267276763916,
      0.6283910274505615,
      0.6925045251846313,
      0.7377164363861084,
      0.7913254499435425,
      0.7988618612289429,
      0.838020920753479,
      0.7997363209724426,
      0.810021162033081,
      0.8045244812965393,
      0.8163771033287048
    ],
    "var": [
      1.0,
      1.0,
      1.0,
      1.28285813331604,
      1.6449215412139893,
      2.1083226203918457,
      2.704961061477661,
      3.4671621322631836,
      4.451449394226074,
      5.7037577629089355,
      7.328022003173828,
      9.397377014160156,
      12.023078918457031,
      15.419455528259277,
      19.390304565429688,
      21.222820281982422,
      23.130821228027344,
      23.839515686035156,
      25.895051956176758,
      28.34610939025879
    ],
    "drift_rmse_traj": 4.4345245361328125,
    "drift_rmse_grid": 4.579831600189209,
    "drift_rmse_zero": 0.7723067402839661
  },
  "gmix": {
    "wall": 124.06397986412048,
    "ls": [
      0.3,
      0.3,
      0.3,
      0.3846382200717926,
      0.4933047592639923,
      0.622765839099884,
      0.7415216565132141,
      0.7141859531402588,
      0.8492076992988586,
      0.8101963996887207,
      0.8516990542411804,
      0.8341781497001648,
      0.8595552444458008,
      0.8505247235298157,
      0.8505574464797974,
      0.8503085374832153,
      0.8501160740852356,
      0.8499972820281982,
      0.8499412536621094,
      0.8497830629348755
    ],
    "var": [
      1.0,
      1.0,
      1.0,
      1.2807588577270508,
      1.6439025402069092,
      1.487078309059143,
      1.4221899509429932,
      1.2617318630218506,
      1.028489589691162,
      0.8864169716835022,
      0.7962771654129028,
      0.7203027009963989,
      0.7039569616317749,
      0.7146751880645752,
      0.7150173783302307,
      0.7145169973373413,
      0.7137289047241211,
      0.713373064994812,
      0.7129565477371216,
      0.7123610377311707
    ],
    "drift_rmse_traj": 0.044392723590135574,
    "drift_rmse_grid": 0.22575503587722778,
    "drift_rmse_zero": 0.7723067402839661
  },
  "T": 20000,
  "ls_true": 0.8,
  "var_true": 1.0,
  "seed": 1,
  "drift_rmse_zero": 0.7723067402839661
}