{
  "mc_S2": {
    "wall": 100.3661859035492,
    "ls": [
      0.3,
      0.3,
      0.3,
      0.3807317614555359,
      0.4746452271938324,
      0.4839496314525604,
      0.5780946612358093,
      0.6105770468711853,
      0.6414235830307007,
      0.7194019556045532,
      0.8807888031005859,
      1.0914881229400635,
      1.2242867946624756,
      1.1410332918167114,
      1.0777255296707153,
      1.0379682779312134,
      1.0683906078338623,
      0.9923765659332275,
      0.9907364845275879,
      0.9556319713592529
    ],
    "var": [
      1.0,
      1.0,
      1.0,
      1.2825801372528076,
      1.64615797996521,
      2.106771945953369,
      2.7070858478546143,
      3.4619827270507812,
      4.335750102996826,
      3.7013444900512695,
      2.9441137313842773,
      2.3261592388153076,
      1.885696291923523,
      1.4967200756072998,
      1.245290756225586,
      1.2828611135482788,
      1.214295506477356,
      0.9786779284477234,
      0.9384068250656128,
      0.8671036958694458
    ],
    "drift_rmse_traj": 0.032914936542510986,
    "drift_rmse_grid": 0.34565824270248413,
    "drift_rmse_zero": 0.7036145329475403
  },
  "mc_S8": {
    "wall": 109.25708794593811,
    "ls": [
      0.3,
      0.3,
      0.3,
      0.3816111385822296,
      0.4632366895675659,
      0.4957079589366913,
      0.5789363980293274,
      0.6234254837036133,
      0.6827587485313416,
      0.7967252135276794,
      0.9604225158691406,
      1.1998927593231201,
      1.1855098009109497,
      1.104967713356018,
      1.0798405408859253,
      1.049584984779358,
      1.0395325422286987,
      1.0410754680633545,
      1.0351749658584595,
      1.036534070968628
    ],
    "var": [
      1.0,
      1.0,
      1.0,
      1.2824647426605225,
      1.646174669265747,
      2.1082160472869873,
      2.708951473236084,
      3.4697744846343994,
      4.413184642791748,
      3.6726701259613037,
      2.914508819580078,
      2.2972121238708496,
      1.8702828884124756,
      1.5659667253494263,
      1.3644516468048096,
      1.2526506185531616,
      1.1714046001434326,
      1.2028452157974243,
      1.1694241762161255,
      1.1730087995529175
    ],
    "drift_rmse_traj": 0.03379473462700844,
    "drift_rmse_grid": 0.39450404047966003,
    "drift_rmse_zero": 0.7036145329475403
  },
  "mc_S16": {
    "wall": 104.54398703575134,
    "ls": [
      0.3,
      0.3,
      0.3,
      0.3778313100337982,
      0.458913117647171,
      0.4933549761772156,
      0.5588060021400452,
      0.6222562193870544,
      0.6834985017776489,
      0.7982912063598633,
      0.9424706697463989,
      1.1811721324920654,
      1.1840678453445435,
      1.1157312393188477,
      1.0638691186904907,
      1.0573887825012207,
      1.047140121459961,
      1.0244989395141602,
      1.0217622518539429,
      1.0311272144317627
    ],
    "var": [
      1.0,
      1.0,
      1.0,
      1.2824881076812744,
      1.6461149454116821,
      2.1080472469329834,
      2.707874298095703,
      3.478982448577881,
      4.401403427124023,
      3.6622116565704346,
      2.9050447940826416,
      2.287313938140869,
      1.8640016317367554,
      1.5505377054214478,
      1.3305764198303223,
      1.2483352422714233,
      1.2169297933578491,
      1.1846271753311157,
      1.1293096542358398,
      1.1508679389953613
    ],
    "drift_rmse_traj": 0.03342866152524948,
    "drift_rmse_grid": 0.389915406703949,
    "drift_rmse_zero": 0.7036145329475403
  },
  "gmix": {
    "wall": 114.13977098464966,
    "ls": [
      0.3,
      0.3,
      0.3,
      0.3856133222579956,
      0.49522721767425537,
      0.6332552433013916,
      0.7957285642623901,
      0.8618396520614624,
      0.9320104718208313,
      1.0053609609603882,
      1.0450468063354492,
      1.067739486694336,
      1.059951901435852,
      1.0580065250396729,
      1.057865023612976,
      1.0572104454040527,
      1.0570083856582642,
      1.0561602115631104,
      1.0559452772140503,
      1.0562530755996704
    ],
    "var": [
      1.0,
      1.0,
      1.0,
      0.7870146036148071,
      0.6178947687149048,
      0.4900341033935547,
      0.47529613971710205,
      0.609244167804718,
      0.7792921662330627,
      0.978522539138794,
      1.0846667289733887,
      1.057648777961731,
      1.060408115386963,
      1.0577664375305176,
      1.0573214292526245,
      1.0556706190109253,
      1.0555092096328735,
      1.0540494918823242,
      1.0544673204421997,
      1.0538170337677002
    ],
    "drift_rmse_traj": 0.03141302242875099,
    "drift_rmse_grid": 0.39130687713623047,
    "drift_rmse_zero": 0.7036145329475403
  },
  "T": 20000,
  "ls_true": 0.8,
  "var_true": 1.0,
  "seed": 2,
  "drift_rmse_zero": 0.7036145329475403
}